month,event_date,send_window,campaign_id,specialty,channel,message_id,country,day_of_week,sends,delivered,opens,clicks,unsubs
2025-06,2025-06-02,10:00-10:30,VYDURA_1,cardiologist,RTE,M1_Efficacy,Austria,1,38,38,22,7,0
2025-06,2025-06-02,13:00-13:30,VYDURA_1,cardiologist,RTE,M1_Efficacy,Austria,1,16,16,8,3,0
2025-06,2025-06-02,15:00-15:30,VYDURA_1,cardiologist,RTE,M1_Efficacy,Austria,1,9,9,4,2,0
2025-06,2025-06-02,10:00-10:30,VYDURA_1,cardiologist,RTE,M2_Safety,Austria,1,29,29,15,5,0
2025-06,2025-06-02,13:00-13:30,VYDURA_1,cardiologist,RTE,M2_Safety,Austria,1,12,12,5,2,0
2025-06,2025-06-02,15:00-15:30,VYDURA_1,cardiologist,RTE,M2_Safety,Austria,1,7,7,3,1,0
2025-06,2025-06-02,10:00-10:30,VYDURA_1,cardiologist,RTE,M3_Access,Austria,1,16,16,7,2,0
2025-06,2025-06-02,13:00-13:30,VYDURA_1,cardiologist,RTE,M3_Access,Austria,1,7,7,2,1,0
2025-06,2025-06-02,15:00-15:30,VYDURA_1,cardiologist,RTE,M3_Access,Austria,1,4,4,1,0,0
2025-06,2025-06-03,09:00-09:30,VYDURA_1,cardiologist,newsletter,NL4312,Austria,2,247,246,84,17,1
2025-06,2025-06-03,09:00-09:30,VYDURA_1,cardiologist,newsletter,NL4312,Austria,2,191,187,55,10,0
2025-06,2025-06-03,09:00-09:30,VYDURA_1,cardiologist,newsletter,NL4312,Austria,2,109,108,18,2,0
2025-06,2025-06-03,10:00-10:30,VYDURA_1,cardiologist,RTE,M1_Efficacy,Austria,2,37,36,20,7,0
2025-06,2025-06-03,13:00-13:30,VYDURA_1,cardiologist,RTE,M1_Efficacy,Austria,2,16,16,8,3,0
2025-06,2025-06-03,15:00-15:30,VYDURA_1,cardiologist,RTE,M1_Efficacy,Austria,2,9,9,4,1,0
2025-06,2025-06-03,10:00-10:30,VYDURA_1,cardiologist,RTE,M2_Safety,Austria,2,29,29,15,4,0
2025-06,2025-06-03,13:00-13:30,VYDURA_1,cardiologist,RTE,M2_Safety,Austria,2,12,12,6,2,0
2025-06,2025-06-03,15:00-15:30,VYDURA_1,cardiologist,RTE,M2_Safety,Austria,2,7,7,3,1,0
2025-06,2025-06-03,10:00-10:30,VYDURA_1,cardiologist,RTE,M3_Access,Austria,2,16,16,6,2,0
2025-06,2025-06-03,13:00-13:30,VYDURA_1,cardiologist,RTE,M3_Access,Austria,2,7,7,2,1,0
2025-06,2025-06-03,15:00-15:30,VYDURA_1,cardiologist,RTE,M3_Access,Austria,2,4,4,1,0,0
2025-06,2025-06-03,09:00-09:30,VYDURA_1,neurologist,newsletter,NL4312,Austria,2,91,91,34,8,0
2025-06,2025-06-03,09:00-09:30,VYDURA_1,neurologist,newsletter,NL4312,Austria,2,70,69,24,5,0
2025-06,2025-06-03,09:00-09:30,VYDURA_1,neurologist,newsletter,NL4312,Austria,2,40,39,8,2,0
2025-06,2025-06-03,10:00-10:30,VYDURA_1,neurologist,RTE,M1_Efficacy,Austria,2,29,29,20,7,0
2025-06,2025-06-03,13:00-13:30,VYDURA_1,neurologist,RTE,M1_Efficacy,Austria,2,12,12,7,3,0
2025-06,2025-06-03,15:00-15:30,VYDURA_1,neurologist,RTE,M1_Efficacy,Austria,2,7,7,4,2,0
2025-06,2025-06-03,10:00-10:30,VYDURA_1,neurologist,RTE,M2_Safety,Austria,2,23,23,14,5,0
2025-06,2025-06-03,13:00-13:30,VYDURA_1,neurologist,RTE,M2_Safety,Austria,2,10,10,5,2,0
2025-06,2025-06-03,15:00-15:30,VYDURA_1,neurologist,RTE,M2_Safety,Austria,2,6,6,3,1,0
2025-06,2025-06-03,10:00-10:30,VYDURA_1,neurologist,RTE,M3_Access,Austria,2,13,13,6,2,0
2025-06,2025-06-03,13:00-13:30,VYDURA_1,neurologist,RTE,M3_Access,Austria,2,6,6,3,1,0
2025-06,2025-06-03,15:00-15:30,VYDURA_1,neurologist,RTE,M3_Access,Austria,2,3,3,1,1,0
2025-06,2025-06-04,10:00-10:30,VYDURA_1,neurologist,RTE,M1_Efficacy,Austria,3,29,29,19,7,0
2025-06,2025-06-04,13:00-13:30,VYDURA_1,neurologist,RTE,M1_Efficacy,Austria,3,12,12,7,3,0
2025-06,2025-06-04,15:00-15:30,VYDURA_1,neurologist,RTE,M1_Efficacy,Austria,3,7,7,4,2,0
2025-06,2025-06-04,10:00-10:30,VYDURA_1,neurologist,RTE,M2_Safety,Austria,3,23,23,14,5,0
2025-06,2025-06-04,13:00-13:30,VYDURA_1,neurologist,RTE,M2_Safety,Austria,3,10,10,6,2,0
2025-06,2025-06-04,15:00-15:30,VYDURA_1,neurologist,RTE,M2_Safety,Austria,3,6,6,3,1,0
2025-06,2025-06-04,10:00-10:30,VYDURA_1,neurologist,RTE,M3_Access,Austria,3,13,13,6,2,0
2025-06,2025-06-04,13:00-13:30,VYDURA_1,neurologist,RTE,M3_Access,Austria,3,6,6,3,1,0
2025-06,2025-06-04,15:00-15:30,VYDURA_1,neurologist,RTE,M3_Access,Austria,3,3,3,1,0,0
2025-06,2025-06-09,09:00-09:30,VYDURA_1,cardiologist,newsletter,NL4312,Austria,1,267,263,89,18,1
2025-06,2025-06-09,09:00-09:30,VYDURA_1,cardiologist,newsletter,NL4312,Austria,1,178,175,53,9,0
2025-06,2025-06-10,10:00-10:30,VYDURA_1,cardiologist,RTE,M1_Efficacy,Austria,2,40,39,23,7,0
2025-06,2025-06-10,13:00-13:30,VYDURA_1,cardiologist,RTE,M1_Efficacy,Austria,2,17,17,9,3,0
2025-06,2025-06-10,15:00-15:30,VYDURA_1,cardiologist,RTE,M1_Efficacy,Austria,2,10,10,5,2,0
2025-06,2025-06-10,10:00-10:30,VYDURA_1,cardiologist,RTE,M2_Safety,Austria,2,26,26,13,4,0
2025-06,2025-06-10,13:00-13:30,VYDURA_1,cardiologist,RTE,M2_Safety,Austria,2,11,11,5,2,0
2025-06,2025-06-10,15:00-15:30,VYDURA_1,cardiologist,RTE,M2_Safety,Austria,2,7,7,3,1,0
2025-06,2025-06-10,09:00-09:30,VYDURA_1,neurologist,newsletter,NL4312,Austria,2,98,97,36,10,0
2025-06,2025-06-10,09:00-09:30,VYDURA_1,neurologist,newsletter,NL4312,Austria,2,65,64,21,4,0
2025-06,2025-06-10,10:00-10:30,VYDURA_1,neurologist,RTE,M1_Efficacy,Austria,2,32,32,21,7,0
2025-06,2025-06-10,13:00-13:30,VYDURA_1,neurologist,RTE,M1_Efficacy,Austria,2,13,13,8,3,0
2025-06,2025-06-10,15:00-15:30,VYDURA_1,neurologist,RTE,M1_Efficacy,Austria,2,8,8,4,2,0
2025-06,2025-06-10,10:00-10:30,VYDURA_1,neurologist,RTE,M2_Safety,Austria,2,22,22,13,4,0
2025-06,2025-06-10,13:00-13:30,VYDURA_1,neurologist,RTE,M2_Safety,Austria,2,9,9,5,2,0
2025-06,2025-06-10,15:00-15:30,VYDURA_1,neurologist,RTE,M2_Safety,Austria,2,5,5,3,1,0
2025-06,2025-06-11,10:00-10:30,VYDURA_1,cardiologist,RTE,M1_Efficacy,Austria,3,40,40,23,7,0
2025-06,2025-06-11,13:00-13:30,VYDURA_1,cardiologist,RTE,M1_Efficacy,Austria,3,17,17,9,3,0
2025-06,2025-06-11,15:00-15:30,VYDURA_1,cardiologist,RTE,M1_Efficacy,Austria,3,10,10,5,2,0
2025-06,2025-06-11,10:00-10:30,VYDURA_1,cardiologist,RTE,M2_Safety,Austria,3,26,26,13,4,0
2025-06,2025-06-11,13:00-13:30,VYDURA_1,cardiologist,RTE,M2_Safety,Austria,3,11,11,5,2,0
2025-06,2025-06-11,15:00-15:30,VYDURA_1,cardiologist,RTE,M2_Safety,Austria,3,7,7,3,1,0
2025-06,2025-06-11,10:00-10:30,VYDURA_1,neurologist,RTE,M1_Efficacy,Austria,3,32,32,21,7,0
2025-06,2025-06-11,13:00-13:30,VYDURA_1,neurologist,RTE,M1_Efficacy,Austria,3,13,13,8,3,0
2025-06,2025-06-11,15:00-15:30,VYDURA_1,neurologist,RTE,M1_Efficacy,Austria,3,8,8,4,2,0
2025-06,2025-06-11,10:00-10:30,VYDURA_1,neurologist,RTE,M2_Safety,Austria,3,22,22,14,5,0
2025-06,2025-06-11,13:00-13:30,VYDURA_1,neurologist,RTE,M2_Safety,Austria,3,9,9,5,2,0
2025-06,2025-06-11,15:00-15:30,VYDURA_1,neurologist,RTE,M2_Safety,Austria,3,5,5,3,1,0
2025-06,2025-06-16,10:00-10:30,VYDURA_1,cardiologist,RTE,M1_Efficacy,Austria,1,31,31,18,5,0
2025-06,2025-06-16,13:00-13:30,VYDURA_1,cardiologist,RTE,M1_Efficacy,Austria,1,13,13,6,2,0
2025-06,2025-06-16,15:00-15:30,VYDURA_1,cardiologist,RTE,M1_Efficacy,Austria,1,8,8,4,1,0
2025-06,2025-06-16,10:00-10:30,VYDURA_1,cardiologist,RTE,M2_Safety,Austria,1,20,20,11,3,0
2025-06,2025-06-16,13:00-13:30,VYDURA_1,cardiologist,RTE,M2_Safety,Austria,1,8,8,4,1,0
2025-06,2025-06-16,15:00-15:30,VYDURA_1,cardiologist,RTE,M2_Safety,Austria,1,5,5,2,1,0
2025-06,2025-06-16,10:00-10:30,VYDURA_1,neurologist,RTE,M1_Efficacy,Austria,1,25,25,16,6,0
2025-06,2025-06-16,13:00-13:30,VYDURA_1,neurologist,RTE,M1_Efficacy,Austria,1,10,10,6,2,0
2025-06,2025-06-16,15:00-15:30,VYDURA_1,neurologist,RTE,M1_Efficacy,Austria,1,6,6,3,1,0
2025-06,2025-06-16,10:00-10:30,VYDURA_1,neurologist,RTE,M2_Safety,Austria,1,16,16,10,3,0
2025-06,2025-06-16,13:00-13:30,VYDURA_1,neurologist,RTE,M2_Safety,Austria,1,7,7,4,1,0
2025-06,2025-06-16,15:00-15:30,VYDURA_1,neurologist,RTE,M2_Safety,Austria,1,4,4,2,1,0
2025-06,2025-06-17,09:00-09:30,VYDURA_1,cardiologist,newsletter,NL4312,Austria,2,205,204,70,13,1
2025-06,2025-06-17,09:00-09:30,VYDURA_1,cardiologist,newsletter,NL4312,Austria,2,137,136,41,6,0
2025-06,2025-06-17,10:00-10:30,VYDURA_1,cardiologist,RTE,M1_Efficacy,Austria,2,31,31,18,6,0
2025-06,2025-06-17,13:00-13:30,VYDURA_1,cardiologist,RTE,M1_Efficacy,Austria,2,13,13,7,2,0
2025-06,2025-06-17,15:00-15:30,VYDURA_1,cardiologist,RTE,M1_Efficacy,Austria,2,8,8,4,1,0
2025-06,2025-06-17,10:00-10:30,VYDURA_1,cardiologist,RTE,M2_Safety,Austria,2,20,20,11,3,0
2025-06,2025-06-17,13:00-13:30,VYDURA_1,cardiologist,RTE,M2_Safety,Austria,2,8,8,4,1,0
2025-06,2025-06-17,15:00-15:30,VYDURA_1,cardiologist,RTE,M2_Safety,Austria,2,5,5,2,1,0
2025-06,2025-06-17,09:00-09:30,VYDURA_1,neurologist,newsletter,NL4312,Austria,2,75,74,27,6,0
2025-06,2025-06-17,09:00-09:30,VYDURA_1,neurologist,newsletter,NL4312,Austria,2,50,49,16,4,0
2025-06,2025-06-17,10:00-10:30,VYDURA_1,neurologist,RTE,M1_Efficacy,Austria,2,25,25,16,6,0
2025-06,2025-06-17,13:00-13:30,VYDURA_1,neurologist,RTE,M1_Efficacy,Austria,2,10,10,6,2,0
2025-06,2025-06-17,15:00-15:30,VYDURA_1,neurologist,RTE,M1_Efficacy,Austria,2,6,6,3,1,0
2025-06,2025-06-17,10:00-10:30,VYDURA_1,neurologist,RTE,M2_Safety,Austria,2,16,16,10,3,0
2025-06,2025-06-17,13:00-13:30,VYDURA_1,neurologist,RTE,M2_Safety,Austria,2,7,7,4,1,0
2025-06,2025-06-17,15:00-15:30,VYDURA_1,neurologist,RTE,M2_Safety,Austria,2,4,4,2,1,0
2025-06,2025-06-23,09:00-09:30,VYDURA_1,cardiologist,newsletter,NL4312,Austria,1,143,141,46,9,0
2025-06,2025-06-23,09:00-09:30,VYDURA_1,cardiologist,newsletter,NL4312,Austria,1,96,95,29,4,0
2025-06,2025-06-23,10:00-10:30,VYDURA_1,cardiologist,RTE,M1_Efficacy,Austria,1,22,22,12,4,0
2025-06,2025-06-23,13:00-13:30,VYDURA_1,cardiologist,RTE,M1_Efficacy,Austria,1,9,9,5,2,0
2025-06,2025-06-23,15:00-15:30,VYDURA_1,cardiologist,RTE,M1_Efficacy,Austria,1,5,5,2,1,0
2025-06,2025-06-23,10:00-10:30,VYDURA_1,cardiologist,RTE,M2_Safety,Austria,1,14,14,7,2,0
2025-06,2025-06-23,13:00-13:30,VYDURA_1,cardiologist,RTE,M2_Safety,Austria,1,6,6,3,1,0
2025-06,2025-06-23,15:00-15:30,VYDURA_1,cardiologist,RTE,M2_Safety,Austria,1,4,4,2,1,0
2025-06,2025-06-23,10:00-10:30,VYDURA_1,neurologist,RTE,M1_Efficacy,Austria,1,17,17,11,4,0
2025-06,2025-06-23,13:00-13:30,VYDURA_1,neurologist,RTE,M1_Efficacy,Austria,1,7,7,4,2,0
2025-06,2025-06-23,15:00-15:30,VYDURA_1,neurologist,RTE,M1_Efficacy,Austria,1,4,4,2,1,0
2025-06,2025-06-23,10:00-10:30,VYDURA_1,neurologist,RTE,M2_Safety,Austria,1,11,11,7,2,0
2025-06,2025-06-23,13:00-13:30,VYDURA_1,neurologist,RTE,M2_Safety,Austria,1,5,5,3,1,0
2025-06,2025-06-23,15:00-15:30,VYDURA_1,neurologist,RTE,M2_Safety,Austria,1,3,3,1,1,0
2025-06,2025-06-25,10:00-10:30,VYDURA_1,cardiologist,RTE,M1_Efficacy,Austria,3,22,22,13,4,0
2025-06,2025-06-25,13:00-13:30,VYDURA_1,cardiologist,RTE,M1_Efficacy,Austria,3,9,9,5,2,0
2025-06,2025-06-25,15:00-15:30,VYDURA_1,cardiologist,RTE,M1_Efficacy,Austria,3,5,5,2,1,0
2025-06,2025-06-25,10:00-10:30,VYDURA_1,cardiologist,RTE,M2_Safety,Austria,3,14,14,7,2,0
2025-06,2025-06-25,13:00-13:30,VYDURA_1,cardiologist,RTE,M2_Safety,Austria,3,6,6,3,1,0
2025-06,2025-06-25,15:00-15:30,VYDURA_1,cardiologist,RTE,M2_Safety,Austria,3,4,4,2,1,0
2025-06,2025-06-26,09:00-09:30,VYDURA_1,neurologist,newsletter,NL4312,Austria,4,53,52,20,5,0
2025-06,2025-06-26,09:00-09:30,VYDURA_1,neurologist,newsletter,NL4312,Austria,4,35,35,12,2,0
2025-06,2025-06-26,10:00-10:30,VYDURA_1,neurologist,RTE,M1_Efficacy,Austria,4,17,17,11,4,0
2025-06,2025-06-26,13:00-13:30,VYDURA_1,neurologist,RTE,M1_Efficacy,Austria,4,7,7,4,1,0
2025-06,2025-06-26,15:00-15:30,VYDURA_1,neurologist,RTE,M1_Efficacy,Austria,4,4,4,2,1,0
2025-06,2025-06-26,10:00-10:30,VYDURA_1,neurologist,RTE,M2_Safety,Austria,4,11,11,7,2,0
2025-06,2025-06-26,13:00-13:30,VYDURA_1,neurologist,RTE,M2_Safety,Austria,4,5,5,3,1,0
2025-06,2025-06-26,15:00-15:30,VYDURA_1,neurologist,RTE,M2_Safety,Austria,4,3,3,1,1,0
2025-06,2025-06-30,09:00-09:30,VYDURA_1,cardiologist,newsletter,NL4312,Austria,1,82,81,26,5,0
2025-06,2025-06-30,09:00-09:30,VYDURA_1,cardiologist,newsletter,NL4312,Austria,1,55,55,16,2,0
2025-06,2025-06-30,10:00-10:30,VYDURA_1,cardiologist,RTE,M1_Efficacy,Austria,1,25,25,14,4,0
2025-06,2025-06-30,13:00-13:30,VYDURA_1,cardiologist,RTE,M1_Efficacy,Austria,1,10,10,5,2,0
2025-06,2025-06-30,15:00-15:30,VYDURA_1,cardiologist,RTE,M1_Efficacy,Austria,1,6,6,3,1,0
2025-06,2025-06-30,10:00-10:30,VYDURA_1,cardiologist,RTE,M2_Safety,Austria,1,16,16,8,2,0
2025-06,2025-06-30,13:00-13:30,VYDURA_1,cardiologist,RTE,M2_Safety,Austria,1,7,7,3,1,0
2025-06,2025-06-30,15:00-15:30,VYDURA_1,cardiologist,RTE,M2_Safety,Austria,1,4,4,2,1,0
2025-06,2025-06-30,09:00-09:30,VYDURA_1,neurologist,newsletter,NL4312,Austria,1,30,30,11,2,0
2025-06,2025-06-30,09:00-09:30,VYDURA_1,neurologist,newsletter,NL4312,Austria,1,20,20,6,1,0
2025-06,2025-06-30,10:00-10:30,VYDURA_1,neurologist,RTE,M1_Efficacy,Austria,1,20,20,13,4,0
2025-06,2025-06-30,13:00-13:30,VYDURA_1,neurologist,RTE,M1_Efficacy,Austria,1,8,8,5,2,0
2025-06,2025-06-30,15:00-15:30,VYDURA_1,neurologist,RTE,M1_Efficacy,Austria,1,5,5,3,1,0
2025-06,2025-06-30,10:00-10:30,VYDURA_1,neurologist,RTE,M2_Safety,Austria,1,13,13,8,3,0
2025-06,2025-06-30,13:00-13:30,VYDURA_1,neurologist,RTE,M2_Safety,Austria,1,6,6,3,1,0
2025-06,2025-06-30,15:00-15:30,VYDURA_1,neurologist,RTE,M2_Safety,Austria,1,3,3,1,1,0
2025-07,2025-07-01,10:00-10:30,VYDURA_1,cardiologist,RTE,M1_Efficacy,Austria,2,33,33,18,6,0
2025-07,2025-07-01,13:00-13:30,VYDURA_1,cardiologist,RTE,M1_Efficacy,Austria,2,14,14,7,2,0
2025-07,2025-07-01,15:00-15:30,VYDURA_1,cardiologist,RTE,M1_Efficacy,Austria,2,8,8,4,1,0
2025-07,2025-07-01,10:00-10:30,VYDURA_1,cardiologist,RTE,M2_Safety,Austria,2,26,26,14,4,0
2025-07,2025-07-01,13:00-13:30,VYDURA_1,cardiologist,RTE,M2_Safety,Austria,2,11,11,5,2,0
2025-07,2025-07-01,15:00-15:30,VYDURA_1,cardiologist,RTE,M2_Safety,Austria,2,6,6,2,1,0
2025-07,2025-07-01,10:00-10:30,VYDURA_1,cardiologist,RTE,M3_Access,Austria,2,14,14,6,2,0
2025-07,2025-07-01,13:00-13:30,VYDURA_1,cardiologist,RTE,M3_Access,Austria,2,6,6,2,1,0
2025-07,2025-07-01,15:00-15:30,VYDURA_1,cardiologist,RTE,M3_Access,Austria,2,4,4,1,0,0
2025-07,2025-07-01,09:00-09:30,VYDURA_1,neurologist,newsletter,NL4312,Austria,2,80,80,30,6,0
2025-07,2025-07-01,09:00-09:30,VYDURA_1,neurologist,newsletter,NL4312,Austria,2,63,62,21,5,0
2025-07,2025-07-01,09:00-09:30,VYDURA_1,neurologist,newsletter,NL4312,Austria,2,36,36,7,1,0
2025-07,2025-07-01,10:00-10:30,VYDURA_1,neurologist,RTE,M1_Efficacy,Austria,2,26,26,17,6,0
2025-07,2025-07-01,13:00-13:30,VYDURA_1,neurologist,RTE,M1_Efficacy,Austria,2,11,11,7,2,0
2025-07,2025-07-01,15:00-15:30,VYDURA_1,neurologist,RTE,M1_Efficacy,Austria,2,7,7,4,2,0
2025-07,2025-07-01,10:00-10:30,VYDURA_1,neurologist,RTE,M2_Safety,Austria,2,20,20,12,4,0
2025-07,2025-07-01,13:00-13:30,VYDURA_1,neurologist,RTE,M2_Safety,Austria,2,8,8,4,2,0
2025-07,2025-07-01,15:00-15:30,VYDURA_1,neurologist,RTE,M2_Safety,Austria,2,5,5,3,1,0
2025-07,2025-07-01,10:00-10:30,VYDURA_1,neurologist,RTE,M3_Access,Austria,2,12,12,6,2,0
2025-07,2025-07-01,13:00-13:30,VYDURA_1,neurologist,RTE,M3_Access,Austria,2,5,5,2,1,0
2025-07,2025-07-01,15:00-15:30,VYDURA_1,neurologist,RTE,M3_Access,Austria,2,3,3,1,0,0
2025-07,2025-07-01,09:00-09:30,VYDURA_1,cardiologist,newsletter,NL4312,Switzerland,2,192,188,66,14,0
2025-07,2025-07-01,09:00-09:30,VYDURA_1,cardiologist,newsletter,NL4312,Switzerland,2,149,148,42,8,0
2025-07,2025-07-01,09:00-09:30,VYDURA_1,cardiologist,newsletter,NL4312,Switzerland,2,85,85,14,2,0
2025-07,2025-07-01,10:00-10:30,VYDURA_1,cardiologist,RTE,M1_Efficacy,Switzerland,2,29,29,16,5,0
2025-07,2025-07-01,13:00-13:30,VYDURA_1,cardiologist,RTE,M1_Efficacy,Switzerland,2,12,12,6,2,0
2025-07,2025-07-01,15:00-15:30,VYDURA_1,cardiologist,RTE,M1_Efficacy,Switzerland,2,7,7,3,1,0
2025-07,2025-07-01,10:00-10:30,VYDURA_1,cardiologist,RTE,M2_Safety,Switzerland,2,22,22,11,4,0
2025-07,2025-07-01,13:00-13:30,VYDURA_1,cardiologist,RTE,M2_Safety,Switzerland,2,9,9,4,1,0
2025-07,2025-07-01,15:00-15:30,VYDURA_1,cardiologist,RTE,M2_Safety,Switzerland,2,6,6,2,1,0
2025-07,2025-07-01,10:00-10:30,VYDURA_1,cardiologist,RTE,M3_Access,Switzerland,2,13,13,5,2,0
2025-07,2025-07-01,13:00-13:30,VYDURA_1,cardiologist,RTE,M3_Access,Switzerland,2,5,5,2,1,0
2025-07,2025-07-01,15:00-15:30,VYDURA_1,cardiologist,RTE,M3_Access,Switzerland,2,3,3,1,0,0
2025-07,2025-07-01,09:00-09:30,VYDURA_1,neurologist,newsletter,NL4312,Switzerland,2,76,75,29,7,0
2025-07,2025-07-01,09:00-09:30,VYDURA_1,neurologist,newsletter,NL4312,Switzerland,2,58,57,19,4,0
2025-07,2025-07-01,09:00-09:30,VYDURA_1,neurologist,newsletter,NL4312,Switzerland,2,33,33,7,1,0
2025-07,2025-07-01,10:00-10:30,VYDURA_1,neurologist,RTE,M1_Efficacy,Switzerland,2,25,25,17,6,0
2025-07,2025-07-01,13:00-13:30,VYDURA_1,neurologist,RTE,M1_Efficacy,Switzerland,2,10,10,6,2,0
2025-07,2025-07-01,15:00-15:30,VYDURA_1,neurologist,RTE,M1_Efficacy,Switzerland,2,6,6,3,1,0
2025-07,2025-07-01,10:00-10:30,VYDURA_1,neurologist,RTE,M2_Safety,Switzerland,2,19,19,11,4,0
2025-07,2025-07-01,13:00-13:30,VYDURA_1,neurologist,RTE,M2_Safety,Switzerland,2,8,8,4,2,0
2025-07,2025-07-01,15:00-15:30,VYDURA_1,neurologist,RTE,M2_Safety,Switzerland,2,5,5,3,1,0
2025-07,2025-07-01,10:00-10:30,VYDURA_1,neurologist,RTE,M3_Access,Switzerland,2,11,11,5,2,0
2025-07,2025-07-01,13:00-13:30,VYDURA_1,neurologist,RTE,M3_Access,Switzerland,2,4,4,2,1,0
2025-07,2025-07-01,15:00-15:30,VYDURA_1,neurologist,RTE,M3_Access,Switzerland,2,3,3,1,1,0
2025-07,2025-07-02,09:00-09:30,VYDURA_1,cardiologist,newsletter,NL4312,Austria,3,220,216,73,15,0
2025-07,2025-07-02,09:00-09:30,VYDURA_1,cardiologist,newsletter,NL4312,Austria,3,172,170,51,8,0
2025-07,2025-07-02,09:00-09:30,VYDURA_1,cardiologist,newsletter,NL4312,Austria,3,98,96,16,2,0
2025-07,2025-07-02,10:00-10:30,VYDURA_1,neurologist,RTE,M1_Efficacy,Switzerland,3,25,25,17,6,0
2025-07,2025-07-02,13:00-13:30,VYDURA_1,neurologist,RTE,M1_Efficacy,Switzerland,3,10,10,6,2,0
2025-07,2025-07-02,15:00-15:30,VYDURA_1,neurologist,RTE,M1_Efficacy,Switzerland,3,6,6,3,1,0
2025-07,2025-07-02,10:00-10:30,VYDURA_1,neurologist,RTE,M2_Safety,Switzerland,3,19,19,12,4,0
2025-07,2025-07-02,13:00-13:30,VYDURA_1,neurologist,RTE,M2_Safety,Switzerland,3,8,8,4,2,0
2025-07,2025-07-02,15:00-15:30,VYDURA_1,neurologist,RTE,M2_Safety,Switzerland,3,5,5,2,1,0
2025-07,2025-07-02,10:00-10:30,VYDURA_1,neurologist,RTE,M3_Access,Switzerland,3,11,11,5,2,0
2025-07,2025-07-02,13:00-13:30,VYDURA_1,neurologist,RTE,M3_Access,Switzerland,3,4,4,2,1,0
2025-07,2025-07-02,15:00-15:30,VYDURA_1,neurologist,RTE,M3_Access,Switzerland,3,3,3,1,0,0
2025-07,2025-07-03,10:00-10:30,VYDURA_1,cardiologist,RTE,M1_Efficacy,Austria,4,33,33,19,6,0
2025-07,2025-07-03,13:00-13:30,VYDURA_1,cardiologist,RTE,M1_Efficacy,Austria,4,14,14,7,2,0
2025-07,2025-07-03,15:00-15:30,VYDURA_1,cardiologist,RTE,M1_Efficacy,Austria,4,8,8,4,1,0
2025-07,2025-07-03,10:00-10:30,VYDURA_1,cardiologist,RTE,M2_Safety,Austria,4,26,26,13,4,0
2025-07,2025-07-03,13:00-13:30,VYDURA_1,cardiologist,RTE,M2_Safety,Austria,4,11,11,5,2,0
2025-07,2025-07-03,15:00-15:30,VYDURA_1,cardiologist,RTE,M2_Safety,Austria,4,6,6,2,1,0
2025-07,2025-07-03,10:00-10:30,VYDURA_1,cardiologist,RTE,M3_Access,Austria,4,14,14,6,2,0
2025-07,2025-07-03,13:00-13:30,VYDURA_1,cardiologist,RTE,M3_Access,Austria,4,6,6,2,1,0
2025-07,2025-07-03,15:00-15:30,VYDURA_1,cardiologist,RTE,M3_Access,Austria,4,4,4,1,1,0
2025-07,2025-07-03,10:00-10:30,VYDURA_1,neurologist,RTE,M1_Efficacy,Austria,4,26,26,18,6,0
2025-07,2025-07-03,13:00-13:30,VYDURA_1,neurologist,RTE,M1_Efficacy,Austria,4,11,11,7,2,0
2025-07,2025-07-03,15:00-15:30,VYDURA_1,neurologist,RTE,M1_Efficacy,Austria,4,7,7,4,2,0
2025-07,2025-07-03,10:00-10:30,VYDURA_1,neurologist,RTE,M2_Safety,Austria,4,20,20,12,4,0
2025-07,2025-07-03,13:00-13:30,VYDURA_1,neurologist,RTE,M2_Safety,Austria,4,8,8,4,2,0
2025-07,2025-07-03,15:00-15:30,VYDURA_1,neurologist,RTE,M2_Safety,Austria,4,5,5,2,1,0
2025-07,2025-07-03,10:00-10:30,VYDURA_1,neurologist,RTE,M3_Access,Austria,4,12,12,6,2,0
2025-07,2025-07-03,13:00-13:30,VYDURA_1,neurologist,RTE,M3_Access,Austria,4,5,5,2,1,0
2025-07,2025-07-03,15:00-15:30,VYDURA_1,neurologist,RTE,M3_Access,Austria,4,3,3,1,1,0
2025-07,2025-07-03,10:00-10:30,VYDURA_1,cardiologist,RTE,M1_Efficacy,Switzerland,4,29,29,17,5,0
2025-07,2025-07-03,13:00-13:30,VYDURA_1,cardiologist,RTE,M1_Efficacy,Switzerland,4,12,12,6,2,0
2025-07,2025-07-03,15:00-15:30,VYDURA_1,cardiologist,RTE,M1_Efficacy,Switzerland,4,7,7,3,1,0
2025-07,2025-07-03,10:00-10:30,VYDURA_1,cardiologist,RTE,M2_Safety,Switzerland,4,22,22,11,4,0
2025-07,2025-07-03,13:00-13:30,VYDURA_1,cardiologist,RTE,M2_Safety,Switzerland,4,9,9,4,1,0
2025-07,2025-07-03,15:00-15:30,VYDURA_1,cardiologist,RTE,M2_Safety,Switzerland,4,6,6,3,1,0
2025-07,2025-07-03,10:00-10:30,VYDURA_1,cardiologist,RTE,M3_Access,Switzerland,4,13,13,5,2,0
2025-07,2025-07-03,13:00-13:30,VYDURA_1,cardiologist,RTE,M3_Access,Switzerland,4,5,5,2,1,0
2025-07,2025-07-03,15:00-15:30,VYDURA_1,cardiologist,RTE,M3_Access,Switzerland,4,3,3,1,0,0
2025-07,2025-07-07,10:00-10:30,VYDURA_1,cardiologist,RTE,M1_Efficacy,Austria,1,36,36,20,6,0
2025-07,2025-07-07,13:00-13:30,VYDURA_1,cardiologist,RTE,M1_Efficacy,Austria,1,15,15,8,3,0
2025-07,2025-07-07,15:00-15:30,VYDURA_1,cardiologist,RTE,M1_Efficacy,Austria,1,9,9,4,2,0
2025-07,2025-07-07,10:00-10:30,VYDURA_1,cardiologist,RTE,M2_Safety,Austria,1,24,24,13,4,0
2025-07,2025-07-07,13:00-13:30,VYDURA_1,cardiologist,RTE,M2_Safety,Austria,1,10,10,4,1,0
2025-07,2025-07-07,15:00-15:30,VYDURA_1,cardiologist,RTE,M2_Safety,Austria,1,6,6,2,1,0
2025-07,2025-07-07,10:00-10:30,VYDURA_1,neurologist,RTE,M1_Efficacy,Austria,1,29,29,19,7,0
2025-07,2025-07-07,13:00-13:30,VYDURA_1,neurologist,RTE,M1_Efficacy,Austria,1,12,12,7,3,0
2025-07,2025-07-07,15:00-15:30,VYDURA_1,neurologist,RTE,M1_Efficacy,Austria,1,7,7,4,2,0
2025-07,2025-07-07,10:00-10:30,VYDURA_1,neurologist,RTE,M2_Safety,Austria,1,19,19,12,4,0
2025-07,2025-07-07,13:00-13:30,VYDURA_1,neurologist,RTE,M2_Safety,Austria,1,8,8,4,2,0
2025-07,2025-07-07,15:00-15:30,VYDURA_1,neurologist,RTE,M2_Safety,Austria,1,5,5,2,1,0
2025-07,2025-07-07,10:00-10:30,VYDURA_1,cardiologist,RTE,M1_Efficacy,Switzerland,1,31,31,18,6,0
2025-07,2025-07-07,13:00-13:30,VYDURA_1,cardiologist,RTE,M1_Efficacy,Switzerland,1,13,13,7,2,0
2025-07,2025-07-07,15:00-15:30,VYDURA_1,cardiologist,RTE,M1_Efficacy,Switzerland,1,8,8,4,1,0
2025-07,2025-07-07,10:00-10:30,VYDURA_1,cardiologist,RTE,M2_Safety,Switzerland,1,20,20,10,3,0
2025-07,2025-07-07,13:00-13:30,VYDURA_1,cardiologist,RTE,M2_Safety,Switzerland,1,8,8,3,1,0
2025-07,2025-07-07,15:00-15:30,VYDURA_1,cardiologist,RTE,M2_Safety,Switzerland,1,5,5,2,1,0
2025-07,2025-07-07,10:00-10:30,VYDURA_1,neurologist,RTE,M1_Efficacy,Switzerland,1,26,26,17,6,0
2025-07,2025-07-07,13:00-13:30,VYDURA_1,neurologist,RTE,M1_Efficacy,Switzerland,1,11,11,7,2,0
2025-07,2025-07-07,15:00-15:30,VYDURA_1,neurologist,RTE,M1_Efficacy,Switzerland,1,7,7,4,2,0
2025-07,2025-07-07,10:00-10:30,VYDURA_1,neurologist,RTE,M2_Safety,Switzerland,1,18,18,11,4,0
2025-07,2025-07-07,13:00-13:30,VYDURA_1,neurologist,RTE,M2_Safety,Switzerland,1,8,8,4,2,0
2025-07,2025-07-07,15:00-15:30,VYDURA_1,neurologist,RTE,M2_Safety,Switzerland,1,4,4,2,1,0
2025-07,2025-07-08,09:00-09:30,VYDURA_1,cardiologist,newsletter,NL4312,Austria,2,239,238,80,17,1
2025-07,2025-07-08,09:00-09:30,VYDURA_1,cardiologist,newsletter,NL4312,Austria,2,159,157,46,7,0
2025-07,2025-07-08,10:00-10:30,VYDURA_1,cardiologist,RTE,M1_Efficacy,Austria,2,36,36,20,6,0
2025-07,2025-07-08,13:00-13:30,VYDURA_1,cardiologist,RTE,M1_Efficacy,Austria,2,15,15,8,3,0
2025-07,2025-07-08,15:00-15:30,VYDURA_1,cardiologist,RTE,M1_Efficacy,Austria,2,9,9,4,2,0
2025-07,2025-07-08,10:00-10:30,VYDURA_1,cardiologist,RTE,M2_Safety,Austria,2,24,24,12,4,0
2025-07,2025-07-08,13:00-13:30,VYDURA_1,cardiologist,RTE,M2_Safety,Austria,2,10,10,5,2,0
2025-07,2025-07-08,15:00-15:30,VYDURA_1,cardiologist,RTE,M2_Safety,Austria,2,6,6,3,1,0
2025-07,2025-07-08,09:00-09:30,VYDURA_1,neurologist,newsletter,NL4312,Austria,2,88,86,32,8,0
2025-07,2025-07-08,09:00-09:30,VYDURA_1,neurologist,newsletter,NL4312,Austria,2,58,57,18,4,0
2025-07,2025-07-08,10:00-10:30,VYDURA_1,neurologist,RTE,M1_Efficacy,Austria,2,29,28,18,7,0
2025-07,2025-07-08,13:00-13:30,VYDURA_1,neurologist,RTE,M1_Efficacy,Austria,2,12,12,7,3,0
2025-07,2025-07-08,15:00-15:30,VYDURA_1,neurologist,RTE,M1_Efficacy,Austria,2,7,7,4,2,0
2025-07,2025-07-08,10:00-10:30,VYDURA_1,neurologist,RTE,M2_Safety,Austria,2,19,19,12,4,0
2025-07,2025-07-08,13:00-13:30,VYDURA_1,neurologist,RTE,M2_Safety,Austria,2,8,8,4,2,0
2025-07,2025-07-08,15:00-15:30,VYDURA_1,neurologist,RTE,M2_Safety,Austria,2,5,5,3,1,0
2025-07,2025-07-08,09:00-09:30,VYDURA_1,cardiologist,newsletter,NL4312,Switzerland,2,208,207,67,15,0
2025-07,2025-07-08,09:00-09:30,VYDURA_1,cardiologist,newsletter,NL4312,Switzerland,2,138,136,39,7,0
2025-07,2025-07-08,10:00-10:30,VYDURA_1,cardiologist,RTE,M1_Efficacy,Switzerland,2,31,30,17,5,0
2025-07,2025-07-08,13:00-13:30,VYDURA_1,cardiologist,RTE,M1_Efficacy,Switzerland,2,13,13,6,2,0
2025-07,2025-07-08,15:00-15:30,VYDURA_1,cardiologist,RTE,M1_Efficacy,Switzerland,2,8,8,4,1,0
2025-07,2025-07-08,10:00-10:30,VYDURA_1,cardiologist,RTE,M2_Safety,Switzerland,2,20,20,11,3,0
2025-07,2025-07-08,13:00-13:30,VYDURA_1,cardiologist,RTE,M2_Safety,Switzerland,2,8,8,4,1,0
2025-07,2025-07-08,15:00-15:30,VYDURA_1,cardiologist,RTE,M2_Safety,Switzerland,2,5,5,2,1,0
2025-07,2025-07-08,09:00-09:30,VYDURA_1,neurologist,newsletter,NL4312,Switzerland,2,82,80,30,7,0
2025-07,2025-07-08,09:00-09:30,VYDURA_1,neurologist,newsletter,NL4312,Switzerland,2,54,53,17,4,0
2025-07,2025-07-09,10:00-10:30,VYDURA_1,neurologist,RTE,M1_Efficacy,Switzerland,3,26,26,17,6,0
2025-07,2025-07-09,13:00-13:30,VYDURA_1,neurologist,RTE,M1_Efficacy,Switzerland,3,11,11,7,2,0
2025-07,2025-07-09,15:00-15:30,VYDURA_1,neurologist,RTE,M1_Efficacy,Switzerland,3,7,7,4,2,0
2025-07,2025-07-09,10:00-10:30,VYDURA_1,neurologist,RTE,M2_Safety,Switzerland,3,18,18,11,4,0
2025-07,2025-07-09,13:00-13:30,VYDURA_1,neurologist,RTE,M2_Safety,Switzerland,3,8,8,4,2,0
2025-07,2025-07-09,15:00-15:30,VYDURA_1,neurologist,RTE,M2_Safety,Switzerland,3,4,4,2,1,0
2025-07,2025-07-14,09:00-09:30,VYDURA_1,cardiologist,newsletter,NL4312,Austria,1,184,181,56,12,0
2025-07,2025-07-14,09:00-09:30,VYDURA_1,cardiologist,newsletter,NL4312,Austria,1,122,121,33,5,0
2025-07,2025-07-14,10:00-10:30,VYDURA_1,cardiologist,RTE,M1_Efficacy,Austria,1,28,28,16,5,0
2025-07,2025-07-14,13:00-13:30,VYDURA_1,cardiologist,RTE,M1_Efficacy,Austria,1,12,12,6,2,0
2025-07,2025-07-14,15:00-15:30,VYDURA_1,cardiologist,RTE,M1_Efficacy,Austria,1,7,7,3,1,0
2025-07,2025-07-14,10:00-10:30,VYDURA_1,cardiologist,RTE,M2_Safety,Austria,1,18,18,9,3,0
2025-07,2025-07-14,13:00-13:30,VYDURA_1,cardiologist,RTE,M2_Safety,Austria,1,8,8,4,1,0
2025-07,2025-07-14,15:00-15:30,VYDURA_1,cardiologist,RTE,M2_Safety,Austria,1,4,4,2,1,0
2025-07,2025-07-14,10:00-10:30,VYDURA_1,neurologist,RTE,M1_Efficacy,Austria,1,22,22,15,5,0
2025-07,2025-07-14,13:00-13:30,VYDURA_1,neurologist,RTE,M1_Efficacy,Austria,1,9,9,6,2,0
2025-07,2025-07-14,15:00-15:30,VYDURA_1,neurologist,RTE,M1_Efficacy,Austria,1,6,6,3,1,0
2025-07,2025-07-14,10:00-10:30,VYDURA_1,neurologist,RTE,M2_Safety,Austria,1,14,14,9,3,0
2025-07,2025-07-14,13:00-13:30,VYDURA_1,neurologist,RTE,M2_Safety,Austria,1,6,6,3,1,0
2025-07,2025-07-14,15:00-15:30,VYDURA_1,neurologist,RTE,M2_Safety,Austria,1,4,4,2,1,0
2025-07,2025-07-14,10:00-10:30,VYDURA_1,cardiologist,RTE,M1_Efficacy,Switzerland,1,24,24,13,4,0
2025-07,2025-07-14,13:00-13:30,VYDURA_1,cardiologist,RTE,M1_Efficacy,Switzerland,1,10,10,5,2,0
2025-07,2025-07-14,15:00-15:30,VYDURA_1,cardiologist,RTE,M1_Efficacy,Switzerland,1,6,6,3,1,0
2025-07,2025-07-14,10:00-10:30,VYDURA_1,cardiologist,RTE,M2_Safety,Switzerland,1,16,16,8,2,0
2025-07,2025-07-14,13:00-13:30,VYDURA_1,cardiologist,RTE,M2_Safety,Switzerland,1,6,6,3,1,0
2025-07,2025-07-14,15:00-15:30,VYDURA_1,cardiologist,RTE,M2_Safety,Switzerland,1,4,4,2,1,0
2025-07,2025-07-14,10:00-10:30,VYDURA_1,neurologist,RTE,M1_Efficacy,Switzerland,1,20,20,13,5,0
2025-07,2025-07-14,13:00-13:30,VYDURA_1,neurologist,RTE,M1_Efficacy,Switzerland,1,8,8,5,2,0
2025-07,2025-07-14,15:00-15:30,VYDURA_1,neurologist,RTE,M1_Efficacy,Switzerland,1,5,5,3,1,0
2025-07,2025-07-14,10:00-10:30,VYDURA_1,neurologist,RTE,M2_Safety,Switzerland,1,14,14,9,3,0
2025-07,2025-07-14,13:00-13:30,VYDURA_1,neurologist,RTE,M2_Safety,Switzerland,1,6,6,3,1,0
2025-07,2025-07-14,15:00-15:30,VYDURA_1,neurologist,RTE,M2_Safety,Switzerland,1,3,3,1,1,0
2025-07,2025-07-15,10:00-10:30,VYDURA_1,cardiologist,RTE,M1_Efficacy,Austria,2,28,27,15,5,0
2025-07,2025-07-15,13:00-13:30,VYDURA_1,cardiologist,RTE,M1_Efficacy,Austria,2,12,12,6,2,0
2025-07,2025-07-15,15:00-15:30,VYDURA_1,cardiologist,RTE,M1_Efficacy,Austria,2,7,7,3,1,0
2025-07,2025-07-15,10:00-10:30,VYDURA_1,cardiologist,RTE,M2_Safety,Austria,2,18,18,9,3,0
2025-07,2025-07-15,13:00-13:30,VYDURA_1,cardiologist,RTE,M2_Safety,Austria,2,8,8,4,1,0
2025-07,2025-07-15,15:00-15:30,VYDURA_1,cardiologist,RTE,M2_Safety,Austria,2,4,4,2,1,0
2025-07,2025-07-15,09:00-09:30,VYDURA_1,neurologist,newsletter,NL4312,Austria,2,67,66,25,6,0
2025-07,2025-07-15,09:00-09:30,VYDURA_1,neurologist,newsletter,NL4312,Austria,2,45,44,14,3,0
2025-07,2025-07-15,10:00-10:30,VYDURA_1,neurologist,RTE,M1_Efficacy,Austria,2,22,22,15,5,0
2025-07,2025-07-15,13:00-13:30,VYDURA_1,neurologist,RTE,M1_Efficacy,Austria,2,9,9,5,2,0
2025-07,2025-07-15,15:00-15:30,VYDURA_1,neurologist,RTE,M1_Efficacy,Austria,2,6,6,3,1,0
2025-07,2025-07-15,10:00-10:30,VYDURA_1,neurologist,RTE,M2_Safety,Austria,2,14,14,8,3,0
2025-07,2025-07-15,13:00-13:30,VYDURA_1,neurologist,RTE,M2_Safety,Austria,2,6,6,3,1,0
2025-07,2025-07-15,15:00-15:30,VYDURA_1,neurologist,RTE,M2_Safety,Austria,2,4,4,2,1,0
2025-07,2025-07-15,09:00-09:30,VYDURA_1,cardiologist,newsletter,NL4312,Switzerland,2,160,157,51,10,0
2025-07,2025-07-15,09:00-09:30,VYDURA_1,cardiologist,newsletter,NL4312,Switzerland,2,106,104,27,5,0
2025-07,2025-07-16,10:00-10:30,VYDURA_1,cardiologist,RTE,M1_Efficacy,Switzerland,3,24,24,13,4,0
2025-07,2025-07-16,13:00-13:30,VYDURA_1,cardiologist,RTE,M1_Efficacy,Switzerland,3,10,10,5,2,0
2025-07,2025-07-16,15:00-15:30,VYDURA_1,cardiologist,RTE,M1_Efficacy,Switzerland,3,6,6,3,1,0
2025-07,2025-07-16,10:00-10:30,VYDURA_1,cardiologist,RTE,M2_Safety,Switzerland,3,16,16,8,2,0
2025-07,2025-07-16,13:00-13:30,VYDURA_1,cardiologist,RTE,M2_Safety,Switzerland,3,6,6,3,1,0
2025-07,2025-07-16,15:00-15:30,VYDURA_1,cardiologist,RTE,M2_Safety,Switzerland,3,4,4,2,1,0
2025-07,2025-07-16,09:00-09:30,VYDURA_1,neurologist,newsletter,NL4312,Switzerland,3,62,61,24,5,0
2025-07,2025-07-16,09:00-09:30,VYDURA_1,neurologist,newsletter,NL4312,Switzerland,3,42,42,13,3,0
2025-07,2025-07-16,10:00-10:30,VYDURA_1,neurologist,RTE,M1_Efficacy,Switzerland,3,20,20,13,5,0
2025-07,2025-07-16,13:00-13:30,VYDURA_1,neurologist,RTE,M1_Efficacy,Switzerland,3,8,8,5,2,0
2025-07,2025-07-16,15:00-15:30,VYDURA_1,neurologist,RTE,M1_Efficacy,Switzerland,3,5,5,3,1,0
2025-07,2025-07-16,10:00-10:30,VYDURA_1,neurologist,RTE,M2_Safety,Switzerland,3,14,14,9,3,0
2025-07,2025-07-16,13:00-13:30,VYDURA_1,neurologist,RTE,M2_Safety,Switzerland,3,6,6,3,1,0
2025-07,2025-07-16,15:00-15:30,VYDURA_1,neurologist,RTE,M2_Safety,Switzerland,3,3,3,1,1,0
2025-07,2025-07-21,10:00-10:30,VYDURA_1,cardiologist,RTE,M1_Efficacy,Austria,1,19,19,10,3,0
2025-07,2025-07-21,13:00-13:30,VYDURA_1,cardiologist,RTE,M1_Efficacy,Austria,1,8,8,4,1,0
2025-07,2025-07-21,15:00-15:30,VYDURA_1,cardiologist,RTE,M1_Efficacy,Austria,1,5,5,2,1,0
2025-07,2025-07-21,10:00-10:30,VYDURA_1,cardiologist,RTE,M2_Safety,Austria,1,13,13,7,2,0
2025-07,2025-07-21,13:00-13:30,VYDURA_1,cardiologist,RTE,M2_Safety,Austria,1,6,6,3,1,0
2025-07,2025-07-21,15:00-15:30,VYDURA_1,cardiologist,RTE,M2_Safety,Austria,1,3,3,1,0,0
2025-07,2025-07-21,10:00-10:30,VYDURA_1,neurologist,RTE,M1_Efficacy,Austria,1,16,16,10,4,0
2025-07,2025-07-21,13:00-13:30,VYDURA_1,neurologist,RTE,M1_Efficacy,Austria,1,6,6,4,1,0
2025-07,2025-07-21,15:00-15:30,VYDURA_1,neurologist,RTE,M1_Efficacy,Austria,1,4,4,2,1,0
2025-07,2025-07-21,10:00-10:30,VYDURA_1,neurologist,RTE,M2_Safety,Austria,1,10,10,6,2,0
2025-07,2025-07-21,13:00-13:30,VYDURA_1,neurologist,RTE,M2_Safety,Austria,1,4,4,2,1,0
2025-07,2025-07-21,15:00-15:30,VYDURA_1,neurologist,RTE,M2_Safety,Austria,1,3,3,1,1,0
2025-07,2025-07-21,10:00-10:30,VYDURA_1,cardiologist,RTE,M1_Efficacy,Switzerland,1,17,17,9,3,0
2025-07,2025-07-21,13:00-13:30,VYDURA_1,cardiologist,RTE,M1_Efficacy,Switzerland,1,7,7,4,1,0
2025-07,2025-07-21,15:00-15:30,VYDURA_1,cardiologist,RTE,M1_Efficacy,Switzerland,1,4,4,2,1,0
2025-07,2025-07-21,10:00-10:30,VYDURA_1,cardiologist,RTE,M2_Safety,Switzerland,1,11,11,5,2,0
2025-07,2025-07-21,13:00-13:30,VYDURA_1,cardiologist,RTE,M2_Safety,Switzerland,1,4,4,2,1,0
2025-07,2025-07-21,15:00-15:30,VYDURA_1,cardiologist,RTE,M2_Safety,Switzerland,1,3,3,1,0,0
2025-07,2025-07-21,10:00-10:30,VYDURA_1,neurologist,RTE,M1_Efficacy,Switzerland,1,14,14,9,3,0
2025-07,2025-07-21,13:00-13:30,VYDURA_1,neurologist,RTE,M1_Efficacy,Switzerland,1,6,6,4,1,0
2025-07,2025-07-21,15:00-15:30,VYDURA_1,neurologist,RTE,M1_Efficacy,Switzerland,1,4,4,2,1,0
2025-07,2025-07-21,10:00-10:30,VYDURA_1,neurologist,RTE,M2_Safety,Switzerland,1,10,10,6,2,0
2025-07,2025-07-21,13:00-13:30,VYDURA_1,neurologist,RTE,M2_Safety,Switzerland,1,4,4,2,1,0
2025-07,2025-07-21,15:00-15:30,VYDURA_1,neurologist,RTE,M2_Safety,Switzerland,1,2,2,1,0,0
2025-07,2025-07-22,09:00-09:30,VYDURA_1,neurologist,newsletter,NL4312,Austria,2,47,46,17,4,0
2025-07,2025-07-22,09:00-09:30,VYDURA_1,neurologist,newsletter,NL4312,Austria,2,32,32,10,2,0
2025-07,2025-07-22,10:00-10:30,VYDURA_1,neurologist,RTE,M1_Efficacy,Austria,2,16,16,11,4,0
2025-07,2025-07-22,13:00-13:30,VYDURA_1,neurologist,RTE,M1_Efficacy,Austria,2,6,6,4,1,0
2025-07,2025-07-22,15:00-15:30,VYDURA_1,neurologist,RTE,M1_Efficacy,Austria,2,4,4,2,1,0
2025-07,2025-07-22,10:00-10:30,VYDURA_1,neurologist,RTE,M2_Safety,Austria,2,10,10,6,2,0
2025-07,2025-07-22,13:00-13:30,VYDURA_1,neurologist,RTE,M2_Safety,Austria,2,4,4,2,1,0
2025-07,2025-07-22,15:00-15:30,VYDURA_1,neurologist,RTE,M2_Safety,Austria,2,3,3,2,1,0
2025-07,2025-07-22,09:00-09:30,VYDURA_1,cardiologist,newsletter,NL4312,Switzerland,2,112,110,36,7,0
2025-07,2025-07-22,09:00-09:30,VYDURA_1,cardiologist,newsletter,NL4312,Switzerland,2,74,73,20,3,0
2025-07,2025-07-22,09:00-09:30,VYDURA_1,neurologist,newsletter,NL4312,Switzerland,2,44,43,17,4,0
2025-07,2025-07-22,09:00-09:30,VYDURA_1,neurologist,newsletter,NL4312,Switzerland,2,29,28,9,2,0
2025-07,2025-07-22,10:00-10:30,VYDURA_1,neurologist,RTE,M1_Efficacy,Switzerland,2,14,14,9,3,0
2025-07,2025-07-22,13:00-13:30,VYDURA_1,neurologist,RTE,M1_Efficacy,Switzerland,2,6,6,4,1,0
2025-07,2025-07-22,15:00-15:30,VYDURA_1,neurologist,RTE,M1_Efficacy,Switzerland,2,4,4,2,1,0
2025-07,2025-07-22,10:00-10:30,VYDURA_1,neurologist,RTE,M2_Safety,Switzerland,2,10,10,6,2,0
2025-07,2025-07-22,13:00-13:30,VYDURA_1,neurologist,RTE,M2_Safety,Switzerland,2,4,4,2,1,0
2025-07,2025-07-22,15:00-15:30,VYDURA_1,neurologist,RTE,M2_Safety,Switzerland,2,2,2,1,0,0
2025-07,2025-07-23,10:00-10:30,VYDURA_1,cardiologist,RTE,M1_Efficacy,Austria,3,19,19,11,3,0
2025-07,2025-07-23,13:00-13:30,VYDURA_1,cardiologist,RTE,M1_Efficacy,Austria,3,8,8,4,1,0
2025-07,2025-07-23,15:00-15:30,VYDURA_1,cardiologist,RTE,M1_Efficacy,Austria,3,5,5,2,1,0
2025-07,2025-07-23,10:00-10:30,VYDURA_1,cardiologist,RTE,M2_Safety,Austria,3,13,13,7,2,0
2025-07,2025-07-23,13:00-13:30,VYDURA_1,cardiologist,RTE,M2_Safety,Austria,3,6,6,3,1,0
2025-07,2025-07-23,15:00-15:30,VYDURA_1,cardiologist,RTE,M2_Safety,Austria,3,3,3,1,0,0
2025-07,2025-07-23,10:00-10:30,VYDURA_1,cardiologist,RTE,M1_Efficacy,Switzerland,3,17,17,10,3,0
2025-07,2025-07-23,13:00-13:30,VYDURA_1,cardiologist,RTE,M1_Efficacy,Switzerland,3,7,7,4,1,0
2025-07,2025-07-23,15:00-15:30,VYDURA_1,cardiologist,RTE,M1_Efficacy,Switzerland,3,4,4,2,1,0
2025-07,2025-07-23,10:00-10:30,VYDURA_1,cardiologist,RTE,M2_Safety,Switzerland,3,11,11,6,2,0
2025-07,2025-07-23,13:00-13:30,VYDURA_1,cardiologist,RTE,M2_Safety,Switzerland,3,4,4,2,1,0
2025-07,2025-07-23,15:00-15:30,VYDURA_1,cardiologist,RTE,M2_Safety,Switzerland,3,3,3,1,0,0
2025-07,2025-07-25,09:00-09:30,VYDURA_1,cardiologist,newsletter,NL4312,Austria,5,128,127,42,8,0
2025-07,2025-07-25,09:00-09:30,VYDURA_1,cardiologist,newsletter,NL4312,Austria,5,86,85,24,4,0
2025-07,2025-07-28,10:00-10:30,VYDURA_1,cardiologist,RTE,M1_Efficacy,Austria,1,11,11,6,2,0
2025-07,2025-07-28,13:00-13:30,VYDURA_1,cardiologist,RTE,M1_Efficacy,Austria,1,4,4,2,1,0
2025-07,2025-07-28,15:00-15:30,VYDURA_1,cardiologist,RTE,M1_Efficacy,Austria,1,3,3,1,0,0
2025-07,2025-07-28,10:00-10:30,VYDURA_1,cardiologist,RTE,M2_Safety,Austria,1,7,7,4,1,0
2025-07,2025-07-28,13:00-13:30,VYDURA_1,cardiologist,RTE,M2_Safety,Austria,1,3,3,1,0,0
2025-07,2025-07-28,15:00-15:30,VYDURA_1,cardiologist,RTE,M2_Safety,Austria,1,2,2,1,0,0
2025-07,2025-07-28,10:00-10:30,VYDURA_1,neurologist,RTE,M1_Efficacy,Austria,1,8,8,5,2,0
2025-07,2025-07-28,13:00-13:30,VYDURA_1,neurologist,RTE,M1_Efficacy,Austria,1,4,4,2,1,0
2025-07,2025-07-28,15:00-15:30,VYDURA_1,neurologist,RTE,M1_Efficacy,Austria,1,2,2,1,0,0
2025-07,2025-07-28,10:00-10:30,VYDURA_1,neurologist,RTE,M2_Safety,Austria,1,6,6,4,1,0
2025-07,2025-07-28,13:00-13:30,VYDURA_1,neurologist,RTE,M2_Safety,Austria,1,2,2,1,0,0
2025-07,2025-07-28,15:00-15:30,VYDURA_1,neurologist,RTE,M2_Safety,Austria,1,2,2,1,0,0
2025-07,2025-07-28,10:00-10:30,VYDURA_1,cardiologist,RTE,M1_Efficacy,Switzerland,1,10,10,6,2,0
2025-07,2025-07-28,13:00-13:30,VYDURA_1,cardiologist,RTE,M1_Efficacy,Switzerland,1,4,4,2,1,0
2025-07,2025-07-28,15:00-15:30,VYDURA_1,cardiologist,RTE,M1_Efficacy,Switzerland,1,2,2,1,0,0
2025-07,2025-07-28,10:00-10:30,VYDURA_1,cardiologist,RTE,M2_Safety,Switzerland,1,6,6,3,1,0
2025-07,2025-07-28,13:00-13:30,VYDURA_1,cardiologist,RTE,M2_Safety,Switzerland,1,2,2,1,0,0
2025-07,2025-07-28,15:00-15:30,VYDURA_1,cardiologist,RTE,M2_Safety,Switzerland,1,2,2,1,0,0
2025-07,2025-07-28,10:00-10:30,VYDURA_1,neurologist,RTE,M1_Efficacy,Switzerland,1,8,8,5,2,0
2025-07,2025-07-28,13:00-13:30,VYDURA_1,neurologist,RTE,M1_Efficacy,Switzerland,1,4,4,2,1,0
2025-07,2025-07-28,15:00-15:30,VYDURA_1,neurologist,RTE,M1_Efficacy,Switzerland,1,2,2,1,0,0
2025-07,2025-07-28,10:00-10:30,VYDURA_1,neurologist,RTE,M2_Safety,Switzerland,1,5,5,3,1,0
2025-07,2025-07-28,13:00-13:30,VYDURA_1,neurologist,RTE,M2_Safety,Switzerland,1,2,2,1,0,0
2025-07,2025-07-28,15:00-15:30,VYDURA_1,neurologist,RTE,M2_Safety,Switzerland,1,1,1,0,0,0
2025-07,2025-07-29,09:00-09:30,VYDURA_1,cardiologist,newsletter,NL4312,Austria,2,73,72,24,4,0
2025-07,2025-07-29,09:00-09:30,VYDURA_1,cardiologist,newsletter,NL4312,Austria,2,49,48,14,2,0
2025-07,2025-07-29,10:00-10:30,VYDURA_1,cardiologist,RTE,M1_Efficacy,Austria,2,11,11,6,2,0
2025-07,2025-07-29,13:00-13:30,VYDURA_1,cardiologist,RTE,M1_Efficacy,Austria,2,4,4,2,1,0
2025-07,2025-07-29,15:00-15:30,VYDURA_1,cardiologist,RTE,M1_Efficacy,Austria,2,3,3,1,0,0
2025-07,2025-07-29,10:00-10:30,VYDURA_1,cardiologist,RTE,M2_Safety,Austria,2,7,7,4,1,0
2025-07,2025-07-29,13:00-13:30,VYDURA_1,cardiologist,RTE,M2_Safety,Austria,2,3,3,1,0,0
2025-07,2025-07-29,15:00-15:30,VYDURA_1,cardiologist,RTE,M2_Safety,Austria,2,2,2,1,0,0
2025-07,2025-07-29,09:00-09:30,VYDURA_1,neurologist,newsletter,NL4312,Austria,2,27,27,10,2,0
2025-07,2025-07-29,09:00-09:30,VYDURA_1,neurologist,newsletter,NL4312,Austria,2,18,18,6,1,0
2025-07,2025-07-29,10:00-10:30,VYDURA_1,neurologist,RTE,M1_Efficacy,Austria,2,8,8,5,2,0
2025-07,2025-07-29,13:00-13:30,VYDURA_1,neurologist,RTE,M1_Efficacy,Austria,2,4,4,2,1,0
2025-07,2025-07-29,15:00-15:30,VYDURA_1,neurologist,RTE,M1_Efficacy,Austria,2,2,2,1,0,0
2025-07,2025-07-29,10:00-10:30,VYDURA_1,neurologist,RTE,M2_Safety,Austria,2,6,6,4,1,0
2025-07,2025-07-29,13:00-13:30,VYDURA_1,neurologist,RTE,M2_Safety,Austria,2,2,2,1,0,0
2025-07,2025-07-29,15:00-15:30,VYDURA_1,neurologist,RTE,M2_Safety,Austria,2,2,2,1,0,0
2025-07,2025-07-29,09:00-09:30,VYDURA_1,cardiologist,newsletter,NL4312,Switzerland,2,64,63,21,4,0
2025-07,2025-07-29,09:00-09:30,VYDURA_1,cardiologist,newsletter,NL4312,Switzerland,2,42,42,11,2,0
2025-07,2025-07-29,10:00-10:30,VYDURA_1,cardiologist,RTE,M1_Efficacy,Switzerland,2,10,10,5,2,0
2025-07,2025-07-29,13:00-13:30,VYDURA_1,cardiologist,RTE,M1_Efficacy,Switzerland,2,4,4,2,1,0
2025-07,2025-07-29,15:00-15:30,VYDURA_1,cardiologist,RTE,M1_Efficacy,Switzerland,2,2,2,1,0,0
2025-07,2025-07-29,10:00-10:30,VYDURA_1,cardiologist,RTE,M2_Safety,Switzerland,2,6,6,3,1,0
2025-07,2025-07-29,13:00-13:30,VYDURA_1,cardiologist,RTE,M2_Safety,Switzerland,2,2,2,1,0,0
2025-07,2025-07-29,15:00-15:30,VYDURA_1,cardiologist,RTE,M2_Safety,Switzerland,2,2,2,1,0,0
2025-07,2025-07-29,09:00-09:30,VYDURA_1,neurologist,newsletter,NL4312,Switzerland,2,25,25,9,2,0
2025-07,2025-07-29,09:00-09:30,VYDURA_1,neurologist,newsletter,NL4312,Switzerland,2,17,17,5,1,0
2025-07,2025-07-31,10:00-10:30,VYDURA_1,neurologist,RTE,M1_Efficacy,Switzerland,4,8,8,5,2,0
2025-07,2025-07-31,13:00-13:30,VYDURA_1,neurologist,RTE,M1_Efficacy,Switzerland,4,4,4,2,1,0
2025-07,2025-07-31,15:00-15:30,VYDURA_1,neurologist,RTE,M1_Efficacy,Switzerland,4,2,2,1,0,0
2025-07,2025-07-31,10:00-10:30,VYDURA_1,neurologist,RTE,M2_Safety,Switzerland,4,5,5,3,1,0
2025-07,2025-07-31,13:00-13:30,VYDURA_1,neurologist,RTE,M2_Safety,Switzerland,4,2,2,1,0,0
2025-07,2025-07-31,15:00-15:30,VYDURA_1,neurologist,RTE,M2_Safety,Switzerland,4,1,1,0,0,0
2025-08,2025-08-01,09:00-09:30,VYDURA_1,cardiologist,newsletter,NL4312,Switzerland,5,172,171,56,13,0
2025-08,2025-08-01,09:00-09:30,VYDURA_1,cardiologist,newsletter,NL4312,Switzerland,5,133,131,39,7,0
2025-08,2025-08-01,09:00-09:30,VYDURA_1,cardiologist,newsletter,NL4312,Switzerland,5,76,75,12,2,0
2025-08,2025-08-01,10:00-10:30,VYDURA_1,cardiologist,RTE,M1_Efficacy,Switzerland,5,52,52,30,9,0
2025-08,2025-08-01,13:00-13:30,VYDURA_1,cardiologist,RTE,M1_Efficacy,Switzerland,5,22,22,12,4,0
2025-08,2025-08-01,15:00-15:30,VYDURA_1,cardiologist,RTE,M1_Efficacy,Switzerland,5,13,13,6,2,0
2025-08,2025-08-01,10:00-10:30,VYDURA_1,cardiologist,RTE,M2_Safety,Switzerland,5,40,40,20,7,0
2025-08,2025-08-01,13:00-13:30,VYDURA_1,cardiologist,RTE,M2_Safety,Switzerland,5,16,16,7,2,0
2025-08,2025-08-01,15:00-15:30,VYDURA_1,cardiologist,RTE,M2_Safety,Switzerland,5,10,10,4,2,0
2025-08,2025-08-01,10:00-10:30,VYDURA_1,cardiologist,RTE,M3_Access,Switzerland,5,23,23,9,3,0
2025-08,2025-08-01,13:00-13:30,VYDURA_1,cardiologist,RTE,M3_Access,Switzerland,5,10,10,3,1,0
2025-08,2025-08-01,15:00-15:30,VYDURA_1,cardiologist,RTE,M3_Access,Switzerland,5,6,6,2,1,0
2025-08,2025-08-01,09:00-09:30,VYDURA_1,neurologist,newsletter,NL4312,Switzerland,5,67,67,25,6,0
2025-08,2025-08-01,09:00-09:30,VYDURA_1,neurologist,newsletter,NL4312,Switzerland,5,52,52,18,4,0
2025-08,2025-08-01,09:00-09:30,VYDURA_1,neurologist,newsletter,NL4312,Switzerland,5,30,30,6,1,0
2025-08,2025-08-01,10:00-10:30,VYDURA_1,neurologist,RTE,M1_Efficacy,Switzerland,5,44,44,30,10,0
2025-08,2025-08-01,13:00-13:30,VYDURA_1,neurologist,RTE,M1_Efficacy,Switzerland,5,18,18,11,4,0
2025-08,2025-08-01,15:00-15:30,VYDURA_1,neurologist,RTE,M1_Efficacy,Switzerland,5,11,11,6,2,0
2025-08,2025-08-01,10:00-10:30,VYDURA_1,neurologist,RTE,M2_Safety,Switzerland,5,34,33,20,7,0
2025-08,2025-08-01,13:00-13:30,VYDURA_1,neurologist,RTE,M2_Safety,Switzerland,5,14,14,8,3,0
2025-08,2025-08-01,15:00-15:30,VYDURA_1,neurologist,RTE,M2_Safety,Switzerland,5,9,9,5,2,0
2025-08,2025-08-01,10:00-10:30,VYDURA_1,neurologist,RTE,M3_Access,Switzerland,5,20,20,10,4,0
2025-08,2025-08-01,13:00-13:30,VYDURA_1,neurologist,RTE,M3_Access,Switzerland,5,8,8,3,1,0
2025-08,2025-08-01,15:00-15:30,VYDURA_1,neurologist,RTE,M3_Access,Switzerland,5,5,5,2,1,0
2025-08,2025-08-04,10:00-10:30,VYDURA_1,cardiologist,RTE,M1_Efficacy,Switzerland,1,28,28,16,5,0
2025-08,2025-08-04,13:00-13:30,VYDURA_1,cardiologist,RTE,M1_Efficacy,Switzerland,1,12,12,6,2,0
2025-08,2025-08-04,15:00-15:30,VYDURA_1,cardiologist,RTE,M1_Efficacy,Switzerland,1,7,7,3,1,0
2025-08,2025-08-04,10:00-10:30,VYDURA_1,cardiologist,RTE,M2_Safety,Switzerland,1,19,19,10,3,0
2025-08,2025-08-04,13:00-13:30,VYDURA_1,cardiologist,RTE,M2_Safety,Switzerland,1,8,8,4,1,0
2025-08,2025-08-04,15:00-15:30,VYDURA_1,cardiologist,RTE,M2_Safety,Switzerland,1,5,5,2,1,0
2025-08,2025-08-04,10:00-10:30,VYDURA_1,neurologist,RTE,M1_Efficacy,Switzerland,1,24,24,16,6,0
2025-08,2025-08-04,13:00-13:30,VYDURA_1,neurologist,RTE,M1_Efficacy,Switzerland,1,10,10,6,2,0
2025-08,2025-08-04,15:00-15:30,VYDURA_1,neurologist,RTE,M1_Efficacy,Switzerland,1,6,6,3,1,0
2025-08,2025-08-04,10:00-10:30,VYDURA_1,neurologist,RTE,M2_Safety,Switzerland,1,16,16,10,3,0
2025-08,2025-08-04,13:00-13:30,VYDURA_1,neurologist,RTE,M2_Safety,Switzerland,1,6,6,3,1,0
2025-08,2025-08-04,15:00-15:30,VYDURA_1,neurologist,RTE,M2_Safety,Switzerland,1,4,4,2,1,0
2025-08,2025-08-05,09:00-09:30,VYDURA_1,cardiologist,newsletter,NL4312,Switzerland,2,185,183,63,14,1
2025-08,2025-08-05,09:00-09:30,VYDURA_1,cardiologist,newsletter,NL4312,Switzerland,2,124,122,37,5,0
2025-08,2025-08-05,10:00-10:30,VYDURA_1,cardiologist,RTE,M1_Efficacy,Switzerland,2,28,28,16,5,0
2025-08,2025-08-05,13:00-13:30,VYDURA_1,cardiologist,RTE,M1_Efficacy,Switzerland,2,12,12,6,2,0
2025-08,2025-08-05,15:00-15:30,VYDURA_1,cardiologist,RTE,M1_Efficacy,Switzerland,2,7,7,3,1,0
2025-08,2025-08-05,10:00-10:30,VYDURA_1,cardiologist,RTE,M2_Safety,Switzerland,2,19,19,10,3,0
2025-08,2025-08-05,13:00-13:30,VYDURA_1,cardiologist,RTE,M2_Safety,Switzerland,2,8,8,4,1,0
2025-08,2025-08-05,15:00-15:30,VYDURA_1,cardiologist,RTE,M2_Safety,Switzerland,2,5,5,2,1,0
2025-08,2025-08-05,09:00-09:30,VYDURA_1,neurologist,newsletter,NL4312,Switzerland,2,73,73,28,6,0
2025-08,2025-08-05,09:00-09:30,VYDURA_1,neurologist,newsletter,NL4312,Switzerland,2,49,49,16,3,0
2025-08,2025-08-05,10:00-10:30,VYDURA_1,neurologist,RTE,M1_Efficacy,Switzerland,2,24,24,16,5,0
2025-08,2025-08-05,13:00-13:30,VYDURA_1,neurologist,RTE,M1_Efficacy,Switzerland,2,10,10,6,2,0
2025-08,2025-08-05,15:00-15:30,VYDURA_1,neurologist,RTE,M1_Efficacy,Switzerland,2,6,6,3,1,0
2025-08,2025-08-05,10:00-10:30,VYDURA_1,neurologist,RTE,M2_Safety,Switzerland,2,16,16,10,3,0
2025-08,2025-08-05,13:00-13:30,VYDURA_1,neurologist,RTE,M2_Safety,Switzerland,2,6,6,3,1,0
2025-08,2025-08-05,15:00-15:30,VYDURA_1,neurologist,RTE,M2_Safety,Switzerland,2,4,4,2,1,0
2025-08,2025-08-11,10:00-10:30,VYDURA_1,cardiologist,RTE,M1_Efficacy,Switzerland,1,22,22,12,4,0
2025-08,2025-08-11,13:00-13:30,VYDURA_1,cardiologist,RTE,M1_Efficacy,Switzerland,1,9,9,5,2,0
2025-08,2025-08-11,15:00-15:30,VYDURA_1,cardiologist,RTE,M1_Efficacy,Switzerland,1,5,5,2,1,0
2025-08,2025-08-11,10:00-10:30,VYDURA_1,cardiologist,RTE,M2_Safety,Switzerland,1,14,14,7,2,0
2025-08,2025-08-11,13:00-13:30,VYDURA_1,cardiologist,RTE,M2_Safety,Switzerland,1,6,6,3,1,0
2025-08,2025-08-11,15:00-15:30,VYDURA_1,cardiologist,RTE,M2_Safety,Switzerland,1,4,4,2,1,0
2025-08,2025-08-12,09:00-09:30,VYDURA_1,neurologist,newsletter,NL4312,Switzerland,2,56,55,20,4,0
2025-08,2025-08-12,09:00-09:30,VYDURA_1,neurologist,newsletter,NL4312,Switzerland,2,38,37,12,2,0
2025-08,2025-08-12,10:00-10:30,VYDURA_1,neurologist,RTE,M1_Efficacy,Switzerland,2,19,19,13,4,0
2025-08,2025-08-12,13:00-13:30,VYDURA_1,neurologist,RTE,M1_Efficacy,Switzerland,2,8,8,5,2,0
2025-08,2025-08-12,15:00-15:30,VYDURA_1,neurologist,RTE,M1_Efficacy,Switzerland,2,5,5,3,1,0
2025-08,2025-08-12,10:00-10:30,VYDURA_1,neurologist,RTE,M2_Safety,Switzerland,2,12,12,7,3,0
2025-08,2025-08-12,13:00-13:30,VYDURA_1,neurologist,RTE,M2_Safety,Switzerland,2,5,5,3,1,0
2025-08,2025-08-12,15:00-15:30,VYDURA_1,neurologist,RTE,M2_Safety,Switzerland,2,3,3,1,1,0
2025-08,2025-08-14,10:00-10:30,VYDURA_1,cardiologist,RTE,M1_Efficacy,Switzerland,4,22,22,12,4,0
2025-08,2025-08-14,13:00-13:30,VYDURA_1,cardiologist,RTE,M1_Efficacy,Switzerland,4,9,9,4,1,0
2025-08,2025-08-14,15:00-15:30,VYDURA_1,cardiologist,RTE,M1_Efficacy,Switzerland,4,5,5,2,1,0
2025-08,2025-08-14,10:00-10:30,VYDURA_1,cardiologist,RTE,M2_Safety,Switzerland,4,14,14,7,2,0
2025-08,2025-08-14,13:00-13:30,VYDURA_1,cardiologist,RTE,M2_Safety,Switzerland,4,6,6,3,1,0
2025-08,2025-08-14,15:00-15:30,VYDURA_1,cardiologist,RTE,M2_Safety,Switzerland,4,4,4,2,1,0
2025-08,2025-08-14,10:00-10:30,VYDURA_1,neurologist,RTE,M1_Efficacy,Switzerland,4,19,19,12,4,0
2025-08,2025-08-14,13:00-13:30,VYDURA_1,neurologist,RTE,M1_Efficacy,Switzerland,4,8,8,5,2,0
2025-08,2025-08-14,15:00-15:30,VYDURA_1,neurologist,RTE,M1_Efficacy,Switzerland,4,5,5,3,1,0
2025-08,2025-08-14,10:00-10:30,VYDURA_1,neurologist,RTE,M2_Safety,Switzerland,4,12,12,7,2,0
2025-08,2025-08-14,13:00-13:30,VYDURA_1,neurologist,RTE,M2_Safety,Switzerland,4,5,5,3,1,0
2025-08,2025-08-14,15:00-15:30,VYDURA_1,neurologist,RTE,M2_Safety,Switzerland,4,3,3,2,1,0
2025-08,2025-08-15,09:00-09:30,VYDURA_1,cardiologist,newsletter,NL4312,Switzerland,5,143,141,46,10,0
2025-08,2025-08-15,09:00-09:30,VYDURA_1,cardiologist,newsletter,NL4312,Switzerland,5,95,95,27,5,0
2025-08,2025-08-18,10:00-10:30,VYDURA_1,cardiologist,RTE,M1_Efficacy,Switzerland,1,15,15,9,3,0
2025-08,2025-08-18,13:00-13:30,VYDURA_1,cardiologist,RTE,M1_Efficacy,Switzerland,1,6,6,3,1,0
2025-08,2025-08-18,15:00-15:30,VYDURA_1,cardiologist,RTE,M1_Efficacy,Switzerland,1,4,4,2,1,0
2025-08,2025-08-18,10:00-10:30,VYDURA_1,cardiologist,RTE,M2_Safety,Switzerland,1,10,10,5,1,0
2025-08,2025-08-18,13:00-13:30,VYDURA_1,cardiologist,RTE,M2_Safety,Switzerland,1,4,4,2,1,0
2025-08,2025-08-18,15:00-15:30,VYDURA_1,cardiologist,RTE,M2_Safety,Switzerland,1,3,3,1,0,0
2025-08,2025-08-19,10:00-10:30,VYDURA_1,cardiologist,RTE,M1_Efficacy,Switzerland,2,15,15,8,3,0
2025-08,2025-08-19,13:00-13:30,VYDURA_1,cardiologist,RTE,M1_Efficacy,Switzerland,2,6,6,3,1,0
2025-08,2025-08-19,15:00-15:30,VYDURA_1,cardiologist,RTE,M1_Efficacy,Switzerland,2,4,4,2,1,0
2025-08,2025-08-19,10:00-10:30,VYDURA_1,cardiologist,RTE,M2_Safety,Switzerland,2,10,10,5,2,0
2025-08,2025-08-19,13:00-13:30,VYDURA_1,cardiologist,RTE,M2_Safety,Switzerland,2,4,4,2,1,0
2025-08,2025-08-19,15:00-15:30,VYDURA_1,cardiologist,RTE,M2_Safety,Switzerland,2,3,3,1,0,0
2025-08,2025-08-19,09:00-09:30,VYDURA_1,neurologist,newsletter,NL4312,Switzerland,2,40,40,14,4,0
2025-08,2025-08-19,09:00-09:30,VYDURA_1,neurologist,newsletter,NL4312,Switzerland,2,26,26,8,2,0
2025-08,2025-08-19,10:00-10:30,VYDURA_1,neurologist,RTE,M1_Efficacy,Switzerland,2,13,13,9,3,0
2025-08,2025-08-19,13:00-13:30,VYDURA_1,neurologist,RTE,M1_Efficacy,Switzerland,2,6,6,3,1,0
2025-08,2025-08-19,15:00-15:30,VYDURA_1,neurologist,RTE,M1_Efficacy,Switzerland,2,3,3,2,1,0
2025-08,2025-08-19,10:00-10:30,VYDURA_1,neurologist,RTE,M2_Safety,Switzerland,2,8,8,5,2,0
2025-08,2025-08-19,13:00-13:30,VYDURA_1,neurologist,RTE,M2_Safety,Switzerland,2,4,4,2,1,0
2025-08,2025-08-19,15:00-15:30,VYDURA_1,neurologist,RTE,M2_Safety,Switzerland,2,2,2,1,0,0
2025-08,2025-08-20,09:00-09:30,VYDURA_1,cardiologist,newsletter,NL4312,Switzerland,3,100,99,33,6,0
2025-08,2025-08-20,09:00-09:30,VYDURA_1,cardiologist,newsletter,NL4312,Switzerland,3,67,66,18,3,0
2025-08,2025-08-21,10:00-10:30,VYDURA_1,neurologist,RTE,M1_Efficacy,Switzerland,4,13,13,9,3,0
2025-08,2025-08-21,13:00-13:30,VYDURA_1,neurologist,RTE,M1_Efficacy,Switzerland,4,6,6,3,1,0
2025-08,2025-08-21,15:00-15:30,VYDURA_1,neurologist,RTE,M1_Efficacy,Switzerland,4,3,3,2,1,0
2025-08,2025-08-21,10:00-10:30,VYDURA_1,neurologist,RTE,M2_Safety,Switzerland,4,8,8,5,2,0
2025-08,2025-08-21,13:00-13:30,VYDURA_1,neurologist,RTE,M2_Safety,Switzerland,4,4,4,2,1,0
2025-08,2025-08-21,15:00-15:30,VYDURA_1,neurologist,RTE,M2_Safety,Switzerland,4,2,2,1,0,0
2025-08,2025-08-25,10:00-10:30,VYDURA_1,cardiologist,RTE,M1_Efficacy,Switzerland,1,8,8,4,1,0
2025-08,2025-08-25,13:00-13:30,VYDURA_1,cardiologist,RTE,M1_Efficacy,Switzerland,1,4,4,2,1,0
2025-08,2025-08-25,15:00-15:30,VYDURA_1,cardiologist,RTE,M1_Efficacy,Switzerland,1,2,2,1,0,0
2025-08,2025-08-25,10:00-10:30,VYDURA_1,cardiologist,RTE,M2_Safety,Switzerland,1,6,6,3,1,0
2025-08,2025-08-25,13:00-13:30,VYDURA_1,cardiologist,RTE,M2_Safety,Switzerland,1,2,2,1,0,0
2025-08,2025-08-25,15:00-15:30,VYDURA_1,cardiologist,RTE,M2_Safety,Switzerland,1,2,2,1,0,0
2025-08,2025-08-25,10:00-10:30,VYDURA_1,neurologist,RTE,M1_Efficacy,Switzerland,1,7,7,5,2,0
2025-08,2025-08-25,13:00-13:30,VYDURA_1,neurologist,RTE,M1_Efficacy,Switzerland,1,3,3,2,1,0
2025-08,2025-08-25,15:00-15:30,VYDURA_1,neurologist,RTE,M1_Efficacy,Switzerland,1,2,2,1,0,0
2025-08,2025-08-25,10:00-10:30,VYDURA_1,neurologist,RTE,M2_Safety,Switzerland,1,5,5,3,1,0
2025-08,2025-08-25,13:00-13:30,VYDURA_1,neurologist,RTE,M2_Safety,Switzerland,1,2,2,1,0,0
2025-08,2025-08-25,15:00-15:30,VYDURA_1,neurologist,RTE,M2_Safety,Switzerland,1,1,1,0,0,0
2025-08,2025-08-26,09:00-09:30,VYDURA_1,cardiologist,newsletter,NL4312,Switzerland,2,57,56,18,3,0
2025-08,2025-08-26,09:00-09:30,VYDURA_1,cardiologist,newsletter,NL4312,Switzerland,2,38,38,11,2,0
2025-08,2025-08-26,09:00-09:30,VYDURA_1,neurologist,newsletter,NL4312,Switzerland,2,22,22,8,2,0
2025-08,2025-08-26,09:00-09:30,VYDURA_1,neurologist,newsletter,NL4312,Switzerland,2,15,15,5,1,0
2025-08,2025-08-26,10:00-10:30,VYDURA_1,neurologist,RTE,M1_Efficacy,Switzerland,2,7,7,5,2,0
2025-08,2025-08-26,13:00-13:30,VYDURA_1,neurologist,RTE,M1_Efficacy,Switzerland,2,3,3,2,1,0
2025-08,2025-08-26,15:00-15:30,VYDURA_1,neurologist,RTE,M1_Efficacy,Switzerland,2,2,2,1,0,0
2025-08,2025-08-26,10:00-10:30,VYDURA_1,neurologist,RTE,M2_Safety,Switzerland,2,5,5,3,1,0
2025-08,2025-08-26,13:00-13:30,VYDURA_1,neurologist,RTE,M2_Safety,Switzerland,2,2,2,1,0,0
2025-08,2025-08-26,15:00-15:30,VYDURA_1,neurologist,RTE,M2_Safety,Switzerland,2,1,1,0,0,0
2025-08,2025-08-28,10:00-10:30,VYDURA_1,cardiologist,RTE,M1_Efficacy,Switzerland,4,8,8,4,1,0
2025-08,2025-08-28,13:00-13:30,VYDURA_1,cardiologist,RTE,M1_Efficacy,Switzerland,4,4,4,2,1,0
2025-08,2025-08-28,15:00-15:30,VYDURA_1,cardiologist,RTE,M1_Efficacy,Switzerland,4,2,2,1,0,0
2025-08,2025-08-28,10:00-10:30,VYDURA_1,cardiologist,RTE,M2_Safety,Switzerland,4,6,6,3,1,0
2025-08,2025-08-28,13:00-13:30,VYDURA_1,cardiologist,RTE,M2_Safety,Switzerland,4,2,2,1,0,0
2025-08,2025-08-28,15:00-15:30,VYDURA_1,cardiologist,RTE,M2_Safety,Switzerland,4,2,2,1,0,0